DBN,School Name,Enrollment,Instruction and Performance - Rating,Teaching Environment - School Percent Positive,Family Involvement - School Percent Positive,Economic Need Index,Percent in Temp Housing,Percent HRA Eligible,Average Student Attendance,Advising and Planning - School Percent Positive,N count - Postsecondary Enrollment Rate - 6 Months,Metric Value - Postsecondary Enrollment Rate - 6 Months,N count - 4-Year High School Persistence Rate,Metric Value - 4-Year High School Persistence Rate,Metric Value - 4-Year Graduation Rate - All Students,N count - 4-Year Graduation Rate - All Students,Metric Value - 4-Year College and Career Readiness - All Students,readiness_gap,Student Support - School Percent Positive
01M292,Orchard Collegiate Academy,258,Fair,0.88,0.81,0.911,0.19,0.837,0.818,0.89,75,0.707,58,0.897,0.879,58,54,-53.121,79%
01M448,University Neighborhood High School,476,Excellent,0.95,0.82,0.719,0.097,0.639,0.915,0.93,124,0.839,109,1,1,109,77.1,-76.1,87%
01M450,East Side Community School,377,Excellent,0.93,0.93,0.658,0.101,0.52,0.935,0.91,95,0.905,91,0.989,0.978,91,67.1,-66.122,83%
01M539,"New Explorations into Science, Technology and Math High School",579,Excellent,0.93,0.93,0.436,0.029,0.366,0.941,0.89,154,0.935,118,1,0.992,118,94.2,-93.208,79%
01M696,Bard High School Early College,570,Excellent,0.81,0.85,0.496,0.053,0.404,0.919,0.85,133,0.767,125,0.992,0.968,125,85.9,-84.932,79%
02M047,47 The American Sign Language and English Secondary School,148,Excellent,0.57,0.84,0.843,0.169,0.764,0.87,0.79,40,0.825,47,1,1,47,61.4,-60.4,68%
02M135,The Urban Assembly Early College High School of Emergency Medicine,360,Good,0.89,0.77,0.88,0.203,0.814,0.84,0.84,58,0.638,65,0.985,0.969,65,53.2,-52.231,69%
02M139,Stephen T. Mather Building Arts & Craftsmanship High School,339,Fair,0.88,0.86,0.896,0.142,0.847,0.829,0.88,73,0.438,87,0.885,0.851,87,51.3,-50.449,80%
02M260,The Clinton School,524,Excellent,0.8,0.82,0.314,0.029,0.244,0.948,0.78,127,0.929,123,1,0.992,123,91,-90.008,72%
02M280,Manhattan Early College School for Advertising,389,Good,0.64,0.78,0.872,0.254,0.763,0.819,0.83,82,0.646,94,0.915,0.915,94,58.5,-57.585,72%
02M282,Urban Assembly Maker Academy,537,Good,0.82,0.85,0.738,0.115,0.663,0.856,0.91,125,0.712,129,0.977,0.969,129,53.2,-52.231,83%
02M288,Food and Finance High School,485,Good,0.71,0.93,0.839,0.165,0.769,0.857,0.87,89,0.674,94,0.957,0.926,94,50.6,-49.674,72%
02M294,Essex Street Academy,367,Excellent,0.95,0.89,0.579,0.074,0.49,0.877,0.9,89,0.82,80,0.963,0.95,80,53.9,-52.95,86%
02M296,High School of Hospitality Management,235,Fair,0.72,,0.917,0.383,0.723,0.709,0.85,58,0.621,38,0.868,0.737,38,56,-55.263,73%
02M298,Pace High School,498,Fair,0.64,0.84,0.817,0.116,0.759,0.817,0.85,147,0.673,138,0.891,0.783,138,48.6,-47.817,71%
02M300,"Urban Assembly School of Design and Construction, The",199,Fair,,0.81,0.881,0.246,0.784,0.797,,69,0.623,57,0.912,0.86,57,41.1,-40.24,
02M303,"Facing History School, The",267,Good,0.92,0.84,0.906,0.251,0.798,0.789,0.87,84,0.75,87,0.908,0.885,87,41,-40.115,78%
02M305,"Urban Assembly Academy of Government and Law, The",258,Fair,0.88,0.81,0.863,0.182,0.802,0.823,0.91,66,0.636,64,0.875,0.813,64,52.1,-51.287,80%
02M308,Lower Manhattan Arts Academy,263,Fair,0.72,0.79,0.904,0.217,0.84,0.762,0.85,77,0.61,75,0.88,0.813,75,46.5,-45.687,70%
02M316,"Urban Assembly School of Business for Young Women, the",125,Fair,1,0.73,,0.584,0.672,0.713,0.9,14,,27,1,0.889,27,42.1,-41.211,83%
02M374,Gramercy Arts High School,421,Good,0.68,0.9,0.729,0.09,0.641,0.884,0.89,107,0.785,112,0.982,0.982,112,58.5,-57.518,71%
02M376,NYC iSchool,446,Excellent,0.93,0.83,0.57,0.065,0.516,0.92,0.92,120,0.85,101,1,0.98,101,77.5,-76.52,84%
02M392,Manhattan Business Academy,437,Excellent,0.95,0.81,0.877,0.167,0.803,0.845,0.91,94,0.66,91,0.989,0.978,91,52.1,-51.122,83%
02M393,Business Of Sports School,401,Fair,0.91,0.87,0.89,0.207,0.838,0.829,0.86,104,0.587,92,0.87,0.772,92,38,-37.228,74%
02M395,A School Without Walls,207,,0.81,0.88,0.698,0.135,0.643,0.764,0.84,,,2,,,2,,,79%
02M399,The High School For Language And Diplomacy,132,Fair,0.94,0.86,0.884,0.379,0.629,0.78,0.9,42,0.69,29,0.897,0.828,29,42.7,-41.872,79%
02M400,High School for Environmental Studies,995,Good,0.83,0.79,0.714,0.114,0.624,0.865,0.89,295,0.817,233,0.961,0.918,233,61.2,-60.282,76%
02M407,Institute for Collaborative Education,267,Excellent,,,0.35,0.022,0.258,0.905,,82,0.817,66,0.985,0.985,66,71.6,-70.615,
02M408,Professional Performing Arts High School,435,Excellent,0.87,0.88,0.495,0.071,0.395,0.905,0.81,115,0.757,114,1,1,114,68.9,-67.9,72%
02M411,Baruch College Campus High School,479,Excellent,0.9,0.83,0.61,0.061,0.537,0.931,0.93,123,0.943,123,1,1,123,82,-81,85%
02M412,N.Y.C. Lab School for Collaborative Studies,415,Excellent,0.85,0.88,0.525,0.048,0.46,0.932,0.89,104,0.875,112,1,1,112,89.1,-88.1,82%
02M413,School of the Future High School,418,Excellent,0.87,0.85,0.485,0.026,0.419,0.916,0.78,111,0.802,104,0.99,0.99,104,76,-75.01,74%
02M414,N.Y.C. Museum School,483,Excellent,0.83,0.81,0.515,0.039,0.449,0.942,0.86,120,0.875,129,1,1,129,82.2,-81.2,78%
02M416,Eleanor Roosevelt High School,540,Excellent,0.86,0.87,0.511,0.05,0.444,0.949,0.91,137,0.839,136,0.993,0.993,136,88.1,-87.107,81%
02M418,Millennium High School,687,Excellent,0.88,0.81,0.424,0.054,0.328,0.949,0.88,176,0.875,142,1,1,142,91.9,-90.9,76%
02M419,Landmark High School,294,Fair,0.87,0.81,0.891,0.293,0.776,0.802,0.85,89,0.596,75,0.92,0.88,75,47.7,-46.82,73%
02M420,High School for Health Professions and Human Services,1723,Good,0.82,0.78,0.813,0.089,0.747,0.902,0.84,371,0.83,339,0.956,0.941,339,68.5,-67.559,75%
02M422,Quest to Learn,201,Fair,0.75,0.83,0.808,0.254,0.672,0.769,0.85,51,0.529,53,0.925,0.868,53,51.9,-51.032,71%
02M425,Leadership and Public Service High School,267,Fair,0.84,0.82,0.847,0.251,0.7,0.775,0.86,58,0.69,83,0.928,0.843,83,48.1,-47.257,78%
02M427,Manhattan Academy For Arts & Language,288,Fair,0.93,0.73,,0.767,0.764,0.699,0.86,32,0.719,62,0.839,0.726,62,37.9,-37.174,78%
02M432,Murray Hill Academy,300,Good,0.97,0.77,0.797,0.103,0.727,0.856,0.88,60,0.733,52,0.942,0.846,52,58.7,-57.854,77%
02M437,Hudson High School of Learning Technologies,187,Fair,0.75,0.83,0.855,0.267,0.765,0.813,0.87,47,0.596,57,0.93,0.842,57,42.2,-41.358,75%
02M438,International High School at Union Square,361,Good,0.94,0.8,,0.609,0.637,0.855,0.9,68,0.544,94,0.883,0.883,94,50.7,-49.817,86%
02M439,Manhattan Village Academy,393,Excellent,0.65,0.84,0.629,0.097,0.522,0.928,0.85,118,0.881,116,1,0.983,116,84.5,-83.517,77%
02M449,Vanguard High School,398,Good,0.91,0.89,0.861,0.126,0.791,0.793,0.94,109,0.771,112,0.92,0.884,112,53.3,-52.416,82%
02M459,Manhattan International High School,358,Good,0.94,0.86,,0.461,0.682,0.842,0.92,84,0.476,92,0.913,0.837,92,49.6,-48.763,84%
02M475,Stuyvesant High School,3266,Excellent,0.88,0.8,0.458,0.039,0.371,0.961,0.89,804,0.964,795,0.999,0.997,795,96.9,-95.903,78%
02M489,High School of Economics and Finance,645,Good,0.81,0.81,0.785,0.127,0.701,0.901,0.88,162,0.728,168,0.964,0.946,168,68.4,-67.454,76%
02M500,Unity Center for Urban Technologies,256,Good,,,0.885,0.332,0.781,0.829,,82,0.622,61,0.951,0.951,61,51,-50.049,
02M507,Urban Assembly Gateway School for Technology,405,Excellent,0.95,0.93,0.704,0.116,0.64,0.899,0.91,95,0.726,96,0.99,0.979,96,69.2,-68.221,83%
02M519,Talent Unlimited High School,462,Excellent,0.89,0.89,0.676,0.123,0.574,0.886,0.89,103,0.845,96,0.99,0.969,96,67.2,-66.231,76%
02M520,Murry Bergtraum High School for Business Careers,133,Needs Improvement,0.86,0.53,0.91,0.346,0.729,0.716,0.79,37,0.649,30,0.733,0.633,30,30.7,-30.067,70%
02M529,Jacqueline Kennedy Onassis High School,316,Fair,0.94,0.91,0.891,0.275,0.778,0.814,0.91,44,0.523,71,0.915,0.859,71,53.4,-52.541,84%
02M531,Repertory Company High School for Theatre Arts,204,Excellent,0.94,0.88,0.59,0.123,0.5,0.9,0.88,56,0.875,57,1,1,57,64.6,-63.6,79%
02M533,Union Square Academy for Health Sciences,520,Good,0.83,0.81,0.859,0.115,0.79,0.938,0.88,93,0.817,94,0.989,0.936,94,64.2,-63.264,80%
02M534,Harvest Collegiate High School,370,Fair,0.8,0.78,0.755,0.13,0.676,0.843,0.86,113,0.602,93,0.957,0.86,93,55.4,-54.54,74%
02M542,Manhattan Bridges High School,395,Excellent,0.79,0.84,0.935,0.294,0.787,0.924,0.89,105,0.724,111,0.964,0.946,111,61.7,-60.754,80%
02M543,New Design High School,415,Good,0.84,0.86,0.89,0.147,0.836,0.842,0.91,118,0.746,104,0.971,0.952,104,45.4,-44.448,81%
02M545,High School for Dual Language and Asian Studies,363,Excellent,0.88,0.71,0.715,0.091,0.62,0.975,0.9,92,0.924,81,1,1,81,86.6,-85.6,78%
02M546,Academy for Software Engineering,441,Good,0.77,0.85,0.854,0.175,0.787,0.833,0.86,87,0.655,94,0.947,0.915,94,48.9,-47.985,78%
02M551,Urban Assembly New York Harbor School,518,Fair,0.72,0.85,0.56,0.06,0.488,0.892,0.89,113,0.655,121,0.967,0.959,121,62.1,-61.141,72%
02M580,Richard R. Green High School of Teaching,407,Fair,0.89,0.83,0.578,0.125,0.496,0.845,0.91,67,0.612,108,0.935,0.926,108,59.4,-58.474,82%
02M600,The High School of Fashion Industries,1446,Good,0.87,0.83,0.788,0.127,0.723,0.889,0.9,374,0.791,354,0.96,0.938,354,61.7,-60.762,78%
02M605,Humanities Preparatory Academy,268,Good,0.99,0.69,0.682,0.112,0.601,0.881,0.87,47,0.894,82,0.915,0.902,82,55.7,-54.798,82%
02M615,Chelsea Career and Technical Education High School,388,Fair,0.8,0.88,0.858,0.134,0.807,0.811,0.88,105,0.619,84,0.929,0.881,84,56.5,-55.619,71%
02M630,Art and Design High School,1490,Excellent,0.85,0.89,0.469,0.053,0.379,0.905,0.86,395,0.749,341,0.982,0.968,341,77,-76.032,72%
02M655,The High School for Climate Justice,380,Fair,0.9,0.76,0.92,0.226,0.861,0.724,0.87,79,0.519,97,0.814,0.742,97,38.2,-37.458,80%
03M291,West End Secondary School,423,Excellent,,0.85,0.441,0.047,0.366,0.901,,102,0.873,107,1,0.991,107,86.6,-85.609,
03M307,"Urban Assembly School for Media Studies, The",332,Fair,0.85,0.92,0.882,0.226,0.81,0.835,0.88,72,0.667,71,0.958,0.887,71,40.3,-39.413,78%
03M402,The Urban Assembly School for Green Careers,323,Fair,0.49,0.88,0.927,0.186,0.845,0.789,0.85,56,0.518,37,0.892,0.865,37,29.6,-28.735,69%
03M403,The Global Learning Collaborative,393,Fair,0.88,0.78,0.921,0.232,0.852,0.792,0.87,107,0.71,101,0.98,0.96,101,50.5,-49.54,74%
03M415,Wadleigh Secondary School for the Performing & Visual Arts,274,Excellent,0.77,0.91,0.905,0.168,0.836,0.862,0.8,78,0.679,68,0.985,0.985,68,61.6,-60.615,69%
03M417,Frank McCourt High School,410,Good,0.9,0.79,0.671,0.066,0.607,0.887,0.83,99,0.909,98,0.99,0.949,98,57.4,-56.451,73%
03M479,Beacon High School,1378,Excellent,,0.76,0.562,0.049,0.502,0.942,,371,0.827,347,0.997,0.974,347,75.8,-74.826,
03M485,Fiorello H. LaGuardia High School of Music & Art and Performing Arts,2248,Excellent,0.74,0.88,0.344,0.028,0.253,0.949,0.8,440,0.805,463,0.989,0.972,463,84.2,-83.228,71%
03M492,"High School for Law, Advocacy and Community Justice",531,Fair,0.64,0.82,0.897,0.269,0.806,0.732,0.77,96,0.688,96,0.917,0.771,96,42.2,-41.429,58%
03M494,High School of Arts and Technology,393,Fair,0.64,0.97,0.92,0.142,0.86,0.776,0.86,98,0.602,90,0.911,0.867,90,43.2,-42.333,71%
03M541,Manhattan / Hunter Science High School,449,Excellent,0.76,0.79,0.699,0.085,0.606,0.951,0.86,108,0.917,106,1,1,106,87.5,-86.5,79%
03M610,Young Women's Leadership School,268,Excellent,0.91,0.79,0.857,0.123,0.78,0.89,0.89,77,0.922,63,1,0.984,63,71.3,-70.316,77%
03M859,Special Music School,176,Excellent,0.96,0.93,0.337,0.04,0.239,0.927,0.9,47,0.894,48,1,1,48,82.9,-81.9,81%
03M860,Frederick Douglass Academy II Secondary School,263,Fair,0.72,0.8,,0.24,0.909,0.88,0.83,58,0.586,64,0.969,0.875,64,39.8,-38.925,69%
04M372,Esperanza Preparatory Academy,347,Fair,0.79,0.84,,0.366,0.821,0.84,0.85,67,0.373,86,0.919,0.837,86,34.8,-33.963,71%
04M435,Manhattan Center for Science and Mathematics,1655,Excellent,0.94,0.79,0.754,0.114,0.677,0.942,0.92,397,0.854,334,0.985,0.976,334,83.5,-82.524,87%
04M495,Park East High School,399,Excellent,0.84,0.86,0.786,0.108,0.692,0.915,0.92,98,0.796,87,0.989,0.989,87,81.9,-80.911,83%
04M555,Central Park East High School,480,Excellent,0.91,0.82,0.785,0.088,0.715,0.954,0.93,121,0.826,118,1,1,118,81.4,-80.4,85%
04M680,"Heritage School, The",230,Fair,0.89,0.79,0.933,0.161,0.887,0.838,0.89,63,0.508,56,0.946,0.911,56,37.3,-36.389,74%
05M148,Eagle Academy for Young Men of Harlem,177,Good,0.69,0.7,0.923,0.232,0.831,0.817,0.92,37,0.459,41,0.902,0.9,40,37.6,-36.7,80%
05M157,The Urban Assembly School for Global Commerce,159,Needs Improvement,0.67,0.95,0.95,0.346,0.868,0.779,0.82,25,0.4,38,0.789,0.737,38,30,-29.263,69%
05M304,Mott Hall High School,278,Good,0.89,0.83,0.936,0.327,0.766,0.785,0.87,46,0.652,50,0.94,0.86,50,37.5,-36.64,75%
05M362,Columbia Secondary School,423,Excellent,0.57,0.82,0.541,0.04,0.421,0.942,0.85,97,0.794,104,0.99,0.971,104,87.3,-86.329,69%
05M369,Urban Assembly School for the Performing Arts,175,Fair,0.68,0.81,0.908,0.211,0.851,0.782,0.83,71,0.62,31,0.871,0.871,31,44.1,-43.229,73%
05M499,Frederick Douglass Academy,503,Fair,0.68,,0.904,0.167,0.845,0.902,0.85,114,0.675,121,0.926,0.876,121,43.2,-42.324,71%
05M670,Thurgood Marshall Academy for Learning and Social Change,291,Fair,0.89,0.89,0.925,0.131,0.866,0.838,0.83,75,0.187,71,0.901,0.859,71,42.2,-41.341,73%
05M692,"High School for Mathematics, Science and Engineering at City College",576,Excellent,0.83,0.76,0.385,0.031,0.3,0.957,0.9,142,0.873,152,1,1,152,96.1,-95.1,80%
06M211,Inwood Early College for Health and Information Technologies,377,Fair,0.7,0.88,0.896,0.164,0.849,0.877,0.88,82,0.707,76,0.934,0.829,76,43.2,-42.371,72%
06M293,City College Magnet School of the Arts,340,Excellent,,0.83,0.877,0.144,0.812,0.887,,79,0.949,84,0.976,0.952,84,61.2,-60.248,
06M346,Community Health Academy of the Heights,348,Good,0.96,0.97,0.929,0.19,0.845,0.86,0.94,84,0.417,91,0.901,0.824,91,48.6,-47.776,83%
06M348,Washington Heights Expeditionary Learning School,405,Good,0.73,0.94,0.899,0.128,0.844,0.848,0.88,122,0.746,100,0.91,0.86,100,46.3,-45.44,80%
06M462,The College Academy,350,Excellent,0.94,0.86,,0.366,0.811,0.859,0.9,72,0.681,58,1,0.948,58,51,-50.052,80%
06M463,High School for Media and Communications,363,Good,0.85,0.89,,0.496,0.791,0.802,0.87,73,0.479,93,0.946,0.903,93,42.6,-41.697,75%
06M467,High School for Law and Public Service,502,Fair,0.83,1,,0.556,0.711,0.826,0.9,93,0.731,95,0.979,0.937,95,42.6,-41.663,81%
06M468,High School for Health Careers and Sciences,425,Fair,0.77,0.99,0.947,0.369,0.793,0.846,0.87,76,0.711,93,0.968,0.935,93,41.2,-40.265,77%
06M540,A. Philip Randolph Campus High School,1408,Fair,,0.72,0.914,0.222,0.833,0.818,,318,0.506,313,0.856,0.773,313,42.6,-41.827,
06M552,Gregorio Luperon High School for Science and Mathematics,662,Excellent,0.93,0.91,,0.406,0.737,0.886,0.91,157,0.471,167,0.952,0.904,167,49.1,-48.196,83%
07X221,South Bronx Preparatory: A College Board School,369,Good,0.83,0.81,,0.168,0.905,0.907,0.88,83,0.651,94,0.979,0.968,94,49.6,-48.632,76%
07X223,The Laboratory School of Finance and Technology: X223,387,Excellent,0.91,0.89,0.935,0.155,0.879,0.903,0.92,87,0.759,87,0.989,0.977,87,66.9,-65.923,80%
07X259,"H.E.R.O. High (Health, Education, and Research Occupations High School)",727,Fair,0.88,0.86,0.95,0.231,0.909,0.803,0.91,96,0.646,125,0.92,0.864,125,46.3,-45.436,77%
07X334,International Community High School,357,Good,0.91,0.8,,0.529,0.672,0.834,0.93,72,0.431,89,0.854,0.753,89,45.6,-44.847,82%
07X427,Community School for Social Justice,187,Fair,0.96,0.86,0.945,0.273,0.861,0.801,0.94,40,0.7,48,0.854,0.771,48,31.2,-30.429,87%
07X473,Mott Haven Village Preparatory High School,193,Fair,0.85,0.89,,0.228,,0.827,0.87,38,0.447,49,0.796,0.694,49,32.8,-32.106,72%
07X495,University Heights Secondary School,595,Excellent,0.98,0.96,0.852,0.126,0.77,0.918,0.93,139,0.885,137,1,1,137,75.1,-74.1,83%
07X500,Hostos-Lincoln Academy of Science,305,Good,0.86,0.81,0.916,0.157,0.859,0.839,0.91,65,0.708,76,0.974,0.908,76,66.5,-65.592,74%
07X522,Bronx Design and Construction Academy,222,Fair,0.85,0.85,0.93,0.23,0.896,0.875,0.88,41,0.415,34,0.971,0.971,34,45.8,-44.829,74%
07X527,Bronx Leadership Academy II High School,375,Fair,0.79,0.91,,0.253,0.891,0.833,0.92,99,0.788,105,0.895,0.848,105,40,-39.152,78%
07X548,Careers in Sports High School,453,Fair,0.93,0.8,,0.223,0.916,0.82,0.9,121,0.388,93,0.763,0.688,93,23.8,-23.112,78%
07X551,The Urban Assembly Bronx Academy of Letters,296,Fair,0.88,0.89,,0.209,,0.796,0.85,79,0.481,79,0.911,0.848,79,39.9,-39.052,73%
07X600,Alfred E. Smith Career and Technical Education High School,413,Good,0.78,0.93,0.944,0.223,0.877,0.817,0.88,96,0.417,82,0.902,0.854,82,43.7,-42.846,74%
07X625,Bronx Legacy High School,258,Fair,0.63,0.82,0.937,0.252,0.876,0.807,0.85,55,0.764,50,0.9,0.74,50,46.5,-45.76,73%
07X670,Health Opportunities High School,223,Fair,0.62,0.92,,0.296,0.857,0.807,0.83,42,0.524,58,0.879,0.741,58,39.8,-39.059,69%
08X269,Bronx Studio School for Writers and Artists,314,Fair,0.78,0.84,0.942,0.156,0.901,0.854,0.83,79,0.646,71,0.972,0.915,71,39.8,-38.885,66%
08X282,Women's Academy of Excellence,168,Fair,0.82,0.93,0.919,0.238,0.833,0.861,0.87,35,0.571,48,0.896,0.875,48,49.2,-48.325,70%
08X293,Renaissance High School for Musical Theater and the Arts,383,Good,0.92,0.85,0.841,0.112,0.794,0.857,0.89,110,0.464,99,0.909,0.899,99,48.4,-47.501,80%
08X312,Millennium Art Academy,345,Good,0.94,0.94,0.907,0.125,0.867,0.862,0.9,77,0.571,76,0.987,0.961,76,52.1,-51.139,82%
08X320,Pelham Lab High School,286,Fair,0.91,0.9,0.914,0.154,0.829,0.809,0.86,76,0.447,69,0.899,0.812,69,44,-43.188,73%
08X348,Schuylerville Preparatory High School,328,Fair,0.73,0.81,0.891,0.152,0.814,0.814,0.83,97,0.412,85,0.882,0.847,85,37.5,-36.653,72%
08X349,Bronx River High School,416,Good,0.82,0.91,0.87,0.137,0.81,0.882,0.89,110,0.691,106,0.962,0.953,106,51.8,-50.847,77%
08X367,"Archimedes Academy for Math, Science and Technology Applications",268,Fair,0.82,0.91,0.918,0.168,0.862,0.805,0.79,62,0.403,77,0.935,0.857,77,38.9,-38.043,64%
08X376,Antonia Pantoja Preparatory Academy: A College Board School,258,Fair,0.96,0.94,0.946,0.155,0.88,0.818,0.85,44,0.705,61,0.918,0.902,61,36.9,-35.998,69%
08X405,Herbert H. Lehman High School,1065,Fair,0.85,0.84,0.821,0.116,0.757,0.884,0.84,226,0.633,246,0.878,0.797,246,40.3,-39.503,72%
08X432,Bronx Bridges High School,366,Good,0.88,0.95,,0.292,0.667,0.867,0.88,99,0.596,83,0.928,0.904,83,48.2,-47.296,75%
08X452,Gotham Collaborative High School,295,Fair,0.92,0.84,,0.247,0.841,0.853,0.9,80,0.713,62,0.968,0.903,62,42.2,-41.297,79%
08X530,Longwood Preparatory Academy,361,Fair,0.88,0.86,0.933,0.202,0.878,0.843,0.89,65,0.508,82,0.915,0.817,82,44.3,-43.483,75%
08X558,Westchester Square Academy,406,Fair,0.71,0.79,0.888,0.138,0.815,0.83,0.83,101,0.465,95,0.947,0.916,95,45.9,-44.984,69%
08X561,Bronx Compass High School,410,Fair,0.83,0.87,0.919,0.127,0.854,0.836,0.85,77,0.558,86,0.907,0.907,86,38.6,-37.693,73%
08X636,Virtual Innovators Academy,248,,0.95,0.95,0.799,0.105,0.742,0.876,0.89,,,5,,,5,,,88%
09X227,Bronx Collegiate Academy,432,Good,0.98,0.74,0.932,0.185,0.85,0.859,0.9,95,0.705,105,0.962,0.933,105,57.5,-56.567,83%
09X231,Eagle Academy for Young Men,319,Fair,0.76,0.87,0.903,0.113,0.831,0.938,0.8,68,0.5,61,0.951,0.918,61,37.5,-36.582,72%
09X241,"Urban Assembly School for Applied Math and Science, The",303,Good,0.89,0.92,,0.119,0.908,0.799,0.87,86,0.628,74,0.919,0.892,74,43.1,-42.208,73%
09X250,Eximius College Preparatory Academy: A College Board School,376,Good,0.88,0.72,0.947,0.181,0.886,0.861,0.88,75,0.8,95,0.947,0.905,95,49.7,-48.795,76%
09X252,Mott Hall Bronx High School,314,Good,0.77,0.87,,0.197,0.911,0.844,0.87,98,0.694,78,0.897,0.872,78,41.7,-40.828,76%
09X260,Bronx Center for Science and Mathematics,383,Excellent,0.81,0.83,0.903,0.146,0.828,0.895,0.89,95,0.758,90,0.989,0.956,90,57.8,-56.844,79%
09X263,Validus Preparatory Academy,283,Needs Improvement,0.58,0.82,,0.23,0.901,0.796,0.85,50,0.42,63,0.921,0.841,63,37.2,-36.359,66%
09X297,Morris Academy for Collaborative Studies,444,Good,0.91,0.94,,0.245,0.872,0.822,0.85,108,0.583,114,0.904,0.851,114,46.1,-45.249,73%
09X324,Bronx Early College Academy for Teaching & Learning,267,Good,0.86,0.84,,0.202,0.903,0.878,0.83,78,0.628,67,1,0.97,67,52.8,-51.83,73%
09X327,Comprehensive Model School Project M.S. 327,379,Good,0.87,0.9,0.925,0.153,0.865,0.871,0.86,94,0.681,107,0.963,0.935,107,48.7,-47.765,73%
09X329,DreamYard Preparatory School,290,Good,0.69,0.97,,0.269,0.914,0.871,0.87,62,0.645,53,0.943,0.906,53,41.8,-40.894,75%
09X365,Academy for Language and Technology,354,Excellent,0.88,0.97,,0.718,0.749,0.915,0.97,80,0.625,86,0.988,0.988,86,62.8,-61.812,97%
09X403,Bronx International High School,431,Good,,0.88,,0.385,0.673,0.797,,63,0.317,118,0.941,0.907,118,44.8,-43.893,
09X412,Bronx High School of Business,292,Fair,0.72,0.89,,0.277,0.89,0.822,0.8,65,0.492,77,0.909,0.831,77,24.7,-23.869,72%
09X413,Bronx High School for Medical Science,259,Good,0.84,0.9,0.934,0.208,0.884,0.905,0.86,68,0.691,44,0.955,0.886,44,56.8,-55.914,72%
09X505,"Bronx School for Law, Government and Justice",429,Fair,0.72,0.89,0.94,0.154,0.9,0.887,0.89,121,0.744,110,0.936,0.891,110,49.6,-48.709,72%
09X517,Frederick Douglass Academy III Secondary School,229,Good,0.9,0.9,,0.197,0.873,0.901,0.94,63,0.365,63,0.889,0.857,63,36.1,-35.243,86%
09X525,Bronx Leadership Academy High School,370,Fair,0.84,0.8,,0.319,0.905,0.858,0.84,72,0.444,84,0.798,0.738,84,31.9,-31.162,74%
09X543,High School for Violin and Dance,111,Fair,0.79,0.8,,0.333,0.901,0.877,0.82,32,0.625,25,0.8,0.76,25,33.1,-32.34,65%
09X564,Claremont International HS,395,Excellent,0.97,0.84,,0.466,0.699,0.888,0.92,78,0.577,103,0.903,0.874,103,48.7,-47.826,87%
09X568,Young Women's Leadership School of the Bronx,309,Good,0.85,0.9,0.907,0.146,0.845,0.876,0.88,68,0.838,72,0.972,0.958,72,64.5,-63.542,71%
10X141,Riverdale / Kingsbridge Academy (Middle School / High School 141),675,Good,0.86,0.86,0.583,0.076,0.514,0.925,0.84,174,0.747,136,0.971,0.941,136,62.4,-61.459,70%
10X213,Bronx Engineering and Technology Academy,341,Good,0.96,0.81,0.915,0.214,0.827,0.81,0.91,85,0.506,105,0.914,0.895,105,36.7,-35.805,79%
10X225,Theatre Arts Production Company School,340,Fair,0.74,0.87,,0.126,0.921,0.826,0.85,85,0.612,94,0.872,0.851,94,43.5,-42.649,73%
10X228,Jonas Bronck Academy,140,,0.94,0.92,0.922,0.157,0.879,0.926,0.77,,,,,,,,,70%
10X237,"The Marie Curie High School for Medicine, Nursing, and Health Professions",266,Fair,0.84,0.78,0.931,0.173,0.868,0.83,0.9,65,0.677,68,0.926,0.75,68,32.2,-31.45,78%
10X243,West Bronx Academy for the Future,348,Fair,0.65,0.96,,0.161,0.908,0.872,0.86,97,0.66,79,0.899,0.785,79,35.9,-35.115,65%
10X264,Bronx Academy for Software Engineering (BASE),371,Good,0.83,0.79,0.932,0.191,0.863,0.81,0.85,93,0.656,77,0.87,0.818,77,49.7,-48.882,74%
10X268,Kingsbridge International High School,206,Fair,0.67,0.83,,0.51,0.684,0.866,0.8,64,0.281,53,0.792,0.755,53,30,-29.245,69%
10X284,Bronx School of Law and Finance,332,Good,0.94,0.91,,0.253,0.901,0.836,0.92,75,0.64,84,0.964,0.929,84,41.1,-40.171,79%
10X342,International School for Liberal Arts,368,Good,0.87,0.88,,0.438,0.815,0.88,0.88,91,0.516,95,0.905,0.895,95,43.2,-42.305,76%
10X351,Bronx Collaborative High School,435,Fair,0.58,,0.943,0.2,0.883,0.711,0.85,84,0.5,111,0.892,0.856,111,29.2,-28.344,63%
10X353,World View High School,627,Good,0.78,0.93,0.908,0.217,0.812,0.875,0.87,126,0.579,132,0.962,0.955,132,52.6,-51.645,77%
10X368,In-Tech Academy (M.S. / High School 368),536,Good,0.76,0.84,0.875,0.125,0.8,0.914,0.9,133,0.744,110,0.973,0.964,110,54.9,-53.936,71%
10X374,Knowledge and Power Preparatory Academy International High School (Kappa),458,Good,0.83,0.84,0.923,0.159,0.867,0.841,0.89,83,0.675,97,0.948,0.938,97,47.5,-46.562,78%
10X433,High School for Teaching and the Professions,327,Good,0.87,0.93,,0.287,0.875,0.886,0.88,89,0.685,80,0.888,0.775,80,33.8,-33.025,76%
10X434,Belmont Preparatory High School,329,Good,0.9,0.8,0.938,0.155,0.888,0.851,0.84,89,0.876,68,0.971,0.956,68,58.1,-57.144,71%
10X437,Fordham High School for the Arts,351,Excellent,0.9,0.97,0.8,0.094,0.729,0.911,0.9,96,0.833,84,0.988,0.976,84,76.2,-75.224,76%
10X438,Fordham Leadership Academy,365,Good,,0.95,0.93,0.156,0.868,0.894,,97,0.701,73,1,0.986,73,43.6,-42.614,
10X439,Bronx High School for Law and Community Service,360,Good,0.92,0.85,0.923,0.158,0.878,0.896,0.9,86,0.721,89,0.978,0.944,89,51.9,-50.956,75%
10X440,DeWitt Clinton High School,1219,Good,0.86,0.92,0.893,0.193,0.832,0.905,0.89,238,0.634,297,0.97,0.953,297,57.5,-56.547,78%
10X442,"Celia Cruz Bronx High School of Music, The",407,Excellent,0.88,0.87,0.83,0.128,0.752,0.949,0.9,98,0.735,98,1,1,98,68.5,-67.5,80%
10X445,The Bronx High School of Science,2953,Excellent,0.86,0.78,0.454,0.036,0.376,0.957,0.87,715,0.948,751,1,0.996,751,95.8,-94.804,77%
10X477,Marble Hill High School for International Studies,399,Excellent,0.79,0.82,0.922,0.291,0.812,0.92,0.88,95,0.758,106,0.981,0.962,106,63.4,-62.438,72%
10X524,Crotona International High School,357,Good,0.91,0.87,,0.412,0.675,0.882,0.87,67,0.358,74,0.986,0.919,74,53.7,-52.781,73%
10X546,Bronx Theatre High School,219,Fair,0.9,0.85,0.944,0.247,0.886,0.774,0.94,64,0.5,67,0.881,0.761,67,35.2,-34.439,83%
10X549,Discovery High School,383,Good,0.87,0.81,0.936,0.248,0.851,0.911,0.82,98,0.602,94,0.957,0.957,94,48.5,-47.543,75%
10X565,High School for Energy and Technology,325,Good,0.78,0.92,0.941,0.182,0.886,0.851,0.78,74,0.689,68,0.941,0.926,68,45.2,-44.274,67%
10X696,High School of American Studies at Lehman College,393,Excellent,0.86,0.84,0.396,0.046,0.303,0.959,0.87,86,1,113,1,1,113,95.7,-94.7,77%
11X249,Bronx Health Sciences High School,338,Excellent,0.95,0.83,0.812,0.124,0.731,0.908,0.9,89,0.742,79,1,1,79,58,-57,81%
11X265,Bronx Lab School,262,Good,0.97,0.98,0.913,0.237,0.836,0.839,0.98,48,0.396,74,0.838,0.757,74,45.7,-44.943,92%
11X270,Academy for Scholarship and Entrepreneurship: A College Board School,437,Fair,0.86,0.84,0.847,0.121,0.755,0.868,0.87,87,0.437,98,0.969,0.918,98,44,-43.082,75%
11X275,High School of Computers and Technology,472,Fair,0.95,0.77,0.864,0.125,0.773,0.861,0.87,74,0.527,122,0.852,0.779,122,45.6,-44.821,74%
11X288,Collegiate Institute for Math and Science,562,Good,0.82,0.81,0.818,0.096,0.737,0.909,0.89,135,0.681,138,0.971,0.942,138,58.5,-57.558,77%
11X290,Bronx Academy of Health Careers,306,Fair,0.9,0.83,0.885,0.288,0.788,0.905,0.86,80,0.55,79,0.899,0.81,79,46.8,-45.99,72%
11X299,Astor Collegiate Academy,424,Fair,0.81,0.83,0.818,0.12,0.745,0.855,0.85,84,0.762,111,0.901,0.874,111,41.6,-40.726,69%
11X418,Bronx High School for the Visual Arts,406,Fair,0.76,0.85,0.885,0.126,0.837,0.881,0.84,96,0.49,98,0.969,0.949,98,47.1,-46.151,72%
11X455,Harry S Truman High School,1649,Fair,0.78,0.82,0.835,0.183,0.753,0.925,0.88,467,0.441,508,0.931,0.854,508,43.6,-42.746,75%
11X508,Bronxdale High School,388,Fair,0.93,0.88,0.854,0.106,0.784,0.903,0.88,90,0.544,103,0.903,0.786,103,39.8,-39.014,79%
11X509,High School of Language and Innovation,373,Good,0.88,0.88,,0.268,0.633,0.91,0.83,88,0.42,95,0.979,0.958,95,51.7,-50.742,75%
11X513,New World High School,286,Excellent,0.88,0.89,0.941,0.22,0.755,0.916,0.89,79,0.722,44,0.955,0.909,44,43.3,-42.391,79%
11X514,The Bronxwood Preparatory Academy,410,Good,0.83,0.9,0.856,0.117,0.817,0.931,0.86,89,0.528,97,0.99,0.969,97,41.3,-40.331,73%
11X542,Pelham Preparatory Academy,449,Good,0.85,0.94,0.814,0.085,0.751,0.904,0.88,111,0.667,108,0.954,0.935,108,51.4,-50.465,77%
11X544,High School for Contemporary Arts,295,Fair,0.71,0.98,0.924,0.203,0.858,0.815,0.8,55,0.509,103,0.883,0.845,103,26.8,-25.955,69%
11X545,Bronx Aerospace High School,370,Fair,0.82,0.84,0.906,0.216,0.824,0.884,0.85,41,0.585,102,0.951,0.922,102,31.9,-30.978,73%
12X242,Mott Hall V,356,Good,0.7,0.86,0.936,0.11,0.888,0.898,0.9,98,0.592,89,0.966,0.899,89,40.8,-39.901,76%
12X248,"Metropolitan High School, The",177,Fair,0.91,0.78,,0.271,0.91,0.761,0.82,35,0.343,48,0.917,0.917,48,30,-29.083,75%
12X251,Explorations Academy H.S.,247,Fair,0.73,0.83,,0.215,0.919,0.893,0.9,72,0.319,76,0.895,0.816,76,36.7,-35.884,83%
12X267,Bronx Latin,296,Good,0.62,0.83,,0.162,0.909,0.861,0.83,74,0.662,74,0.986,0.959,74,57.9,-56.941,66%
12X271,East Bronx Academy for the Future,412,Good,0.9,0.87,,0.218,0.888,0.837,0.89,99,0.475,99,0.899,0.869,99,38.3,-37.431,73%
12X388,Pan American International High School at Monroe,344,Good,0.95,0.81,,0.413,0.599,0.879,0.93,62,0.355,49,0.898,0.857,49,42.6,-41.743,85%
12X478,The Cinema School,303,Fair,0.72,0.92,0.915,0.145,0.855,0.842,0.81,77,0.74,70,0.929,0.843,70,43.2,-42.357,70%
12X479,Bronx Career and College Preparatory High School,124,Needs Improvement,,0.77,0.946,0.202,0.919,0.735,,49,0.388,44,0.727,0.545,44,38.7,-38.155,
12X511,Bronx Envision Academy,267,Fair,0.86,0.84,,0.236,0.865,0.825,0.85,70,0.557,74,0.865,0.851,74,37.5,-36.649,71%
12X521,The Metropolitan Soundview High School,360,Fair,0.85,0.82,,0.178,0.894,0.88,0.83,105,0.343,87,0.897,0.805,87,34.7,-33.895,72%
12X550,High School of World Cultures,376,Good,0.85,0.86,,0.338,0.649,0.896,0.89,91,0.385,86,0.907,0.814,86,41.1,-40.286,81%
12X641,Bard High School Early College Bronx,247,Excellent,1,,0.723,0.101,0.615,0.932,0.83,,,23,1,1,23,79.6,-78.6,77%
12X682,Fannie Lou Hamer Freedom High School,411,Excellent,0.82,0.93,,0.2,0.883,0.782,0.94,112,0.616,120,0.95,0.908,120,41.8,-40.892,85%
12X684,Wings Academy,231,Fair,,0.81,,0.216,0.926,0.801,,56,0.339,63,0.825,0.794,63,33.1,-32.306,
13K265,Dr. Susan S. McKinney Secondary School of the Arts,128,Fair,0.8,0.83,0.924,0.172,0.852,0.78,0.81,43,0.419,45,0.933,0.8,45,31.3,-30.5,67%
13K350,Urban Assembly School of Music and Art,139,Good,0.96,0.94,0.84,0.223,0.734,0.791,0.92,25,0.48,28,1,1,28,51.7,-50.7,83%
13K412,Brooklyn Community Arts & Media High School (BCAM),356,Good,0.79,0.93,0.884,0.171,0.826,0.84,0.88,109,0.615,103,0.951,0.942,103,44.8,-43.858,72%
13K419,"Science Skills Center High School for Science, Technology and the Creative Arts",447,Excellent,0.73,0.83,0.822,0.181,0.729,0.927,0.77,126,0.825,117,0.983,0.974,117,61.2,-60.226,56%
13K430,Brooklyn Technical High School,5848,Excellent,0.84,0.7,0.514,0.032,0.439,0.938,0.89,1320,0.885,1538,0.989,0.981,1538,96.3,-95.319,79%
13K439,Brooklyn International High School,308,Good,0.91,0.84,,0.386,0.695,0.862,0.9,80,0.5,86,0.826,0.791,86,46.7,-45.909,83%
13K483,The Urban Assembly School for Law and Justice,410,Good,0.92,0.85,0.816,0.122,0.754,0.822,0.89,105,0.657,98,0.99,0.959,98,53.8,-52.841,77%
13K527,Urban Assembly Institute of Math and Science for Young Women,250,Good,0.91,0.9,0.862,0.1,0.812,0.859,0.86,88,0.784,54,1,1,54,55.1,-54.1,79%
13K594,Gotham Professional Arts Academy,223,Good,,0.87,0.857,0.166,0.789,0.792,,44,0.568,72,0.944,0.889,72,52.1,-51.211,
13K595,Bedford Academy High School,338,Excellent,0.75,0.85,0.696,0.044,0.598,0.91,0.89,89,0.831,88,1,0.989,88,72.3,-71.311,72%
13K605,George Westinghouse Career and Technical Education High School,558,Fair,0.7,0.85,0.824,0.156,0.742,0.876,0.82,124,0.484,112,0.982,0.964,112,45.2,-44.236,66%
13K670,Benjamin Banneker Academy,852,Good,0.83,0.81,0.772,0.093,0.694,0.856,0.85,179,0.687,133,1,1,133,67.7,-66.7,68%
13K674,"City Polytechnic High School of Engineering, Architecture, and Technology",442,Fair,0.61,0.85,0.753,0.086,0.674,0.869,0.87,109,0.633,88,0.989,0.943,88,50,-49.057,69%
13K963,Design Works High School,162,,0.81,0.91,0.609,0.117,0.525,0.916,0.72,,,,,,,,,66%
14K071,Juan Morel Campos Secondary School,344,Fair,0.9,0.91,,0.25,0.846,0.833,0.9,70,0.529,68,0.868,0.809,68,37.7,-36.891,81%
14K449,"Brooklyn Latin School, The",773,Excellent,0.94,0.76,0.52,0.025,0.44,0.932,0.85,190,0.889,194,0.995,0.995,194,92.2,-91.205,78%
14K454,The Williamsburg High School of Art and Technology,425,Good,0.73,0.83,0.839,0.174,0.746,0.835,0.89,99,0.667,101,0.95,0.931,101,59.3,-58.369,81%
14K474,PROGRESS High School for Professional Careers,422,Fair,0.8,0.96,0.929,0.268,0.763,0.878,0.88,98,0.337,97,0.876,0.835,97,37.3,-36.465,79%
14K477,East Williamsburg Scholars Academy,489,Fair,0.79,0.82,0.949,0.344,0.71,0.861,0.84,123,0.455,169,0.852,0.846,169,34.6,-33.754,77%
14K478,"The High School for Enterprise, Business and Technology",527,Fair,0.67,0.77,0.918,0.228,0.784,0.859,0.83,133,0.511,128,0.914,0.852,128,42.2,-41.348,72%
14K488,Brooklyn Preparatory High School,590,Fair,0.79,0.86,0.854,0.137,0.776,0.914,0.91,131,0.748,123,0.984,0.967,123,54.7,-53.733,78%
14K558,Williamsburg High School for Architecture and Design,624,Excellent,0.93,0.81,0.83,0.138,0.761,0.908,0.93,137,0.715,141,0.993,0.957,141,54.3,-53.343,83%
14K561,Williamsburg Preparatory School,668,Good,0.8,0.84,0.851,0.138,0.774,0.849,0.83,166,0.807,158,0.956,0.956,158,58.5,-57.544,74%
14K586,Lyons Community School,266,Fair,0.87,0.9,0.933,0.173,0.857,0.792,0.88,62,0.29,79,0.785,0.722,79,34.8,-34.078,76%
14K610,A-Tech High School,440,Good,0.88,0.95,0.862,0.134,0.809,0.926,0.89,87,0.368,72,0.944,0.931,72,57,-56.069,79%
14K614,Young Women's Leadership School of Brooklyn,165,Good,0.96,0.7,0.926,0.212,0.867,0.801,0.91,48,0.917,47,0.957,0.915,47,53,-52.085,78%
14K685,El Puente Academy for Peace and Justice,182,Fair,0.83,0.91,0.95,0.198,0.83,0.74,0.9,48,0.5,45,0.778,0.756,45,38,-37.244,82%
15K429,Digital Arts and Cinema Technology High School,295,Excellent,0.91,0.85,0.729,0.095,0.654,0.899,0.87,84,0.81,67,1,1,67,69.1,-68.1,78%
15K448,Brooklyn Collaborative Studies,374,Good,,0.89,0.772,0.11,0.698,0.831,,93,0.699,97,0.938,0.876,97,50.6,-49.724,
15K462,John Jay School for Law,451,Fair,0.51,0.82,0.866,0.166,0.803,0.867,0.82,102,0.696,104,0.894,0.846,104,48.1,-47.254,69%
15K463,Cyberarts Studio Academy,267,Good,0.89,0.85,0.909,0.199,0.779,0.824,0.87,65,0.477,82,0.866,0.866,82,46.4,-45.534,81%
15K464,Park Slope Collegiate,358,Good,0.87,,0.793,0.131,0.715,0.888,0.75,90,0.7,84,0.976,0.917,84,45.9,-44.983,72%
15K497,The Boerum Hill School for International Studies,345,Fair,0.84,0.81,0.633,0.09,0.559,0.872,0.82,80,0.6,75,0.973,0.893,75,56.1,-55.207,71%
15K519,Cobble Hill School of American Studies,322,Good,0.67,0.94,0.919,0.27,0.714,0.815,0.87,75,0.56,76,0.776,0.75,76,40.1,-39.35,66%
15K592,Khalil Gibran International Academy,109,Fair,0.92,0.8,0.936,0.193,0.853,0.843,0.84,38,0.632,29,0.793,0.621,29,31.7,-31.079,75%
15K656,Brooklyn High School of the Arts,889,Good,0.92,0.88,0.643,0.063,0.562,0.896,0.88,210,0.771,221,0.973,0.946,221,66,-65.054,72%
15K667,Sunset Park High School,1349,Good,0.7,0.77,0.917,0.177,0.794,0.841,0.86,325,0.554,327,0.908,0.865,327,50.1,-49.235,73%
15K684,Millennium Brooklyn HS,686,Excellent,0.95,0.86,0.57,0.038,0.499,0.918,0.88,166,0.855,170,1,1,170,91.9,-90.9,84%
16K455,Boys and Girls High School,352,Needs Improvement,0.65,,0.928,0.241,0.852,0.803,0.84,96,0.438,106,0.802,0.717,106,27.9,-27.183,69%
16K498,Brooklyn High School for Law and Technology,469,Fair,0.45,0.76,0.886,0.166,0.817,0.827,0.73,145,0.593,125,0.912,0.888,125,42.6,-41.712,64%
16K688,The Brooklyn Academy of Global Finance,226,Fair,0.82,0.84,,0.261,0.814,0.79,0.86,42,0.333,57,0.912,0.895,57,37,-36.105,73%
16K765,Nelson Mandela High School,136,Fair,0.56,0.95,0.888,0.25,0.772,0.848,0.78,33,0.364,26,0.923,0.885,26,26.6,-25.715,58%
17K122,Pathways in Technology Early College High School (P-Tech),530,Fair,0.72,0.81,0.777,0.094,0.706,0.884,0.83,97,0.598,110,0.918,0.836,110,47,-46.164,70%
17K382,Academy for College Preparation and Career Exploration: A College Board School,303,Good,0.86,1,0.866,0.251,0.759,0.952,0.9,46,0.696,56,0.929,0.911,56,38.8,-37.889,77%
17K408,Academy of Hospitality and Tourism,407,Good,0.95,0.82,0.888,0.192,0.789,0.802,0.91,70,0.457,100,0.85,0.78,100,44.2,-43.42,80%
17K524,International High School at Prospect Heights,338,Good,0.94,0.91,,0.376,0.692,0.848,0.89,53,0.547,73,0.89,0.836,73,43.3,-42.464,83%
17K528,The High School for Global Citizenship,214,Fair,0.95,0.95,0.876,0.178,0.78,0.801,0.89,63,0.508,58,0.914,0.81,58,39,-38.19,81%
17K537,High School for Youth and Community Development at Erasmus,513,Good,0.86,0.85,0.858,0.172,0.768,0.931,0.9,114,0.605,143,0.958,0.888,143,41.3,-40.412,79%
17K539,High School for Service & Learning at Erasmus,246,Good,0.86,0.83,0.902,0.268,0.752,0.835,0.87,57,0.632,49,0.878,0.878,49,39.4,-38.522,70%
17K543,"Science, Technology and Research Early College High School at Erasmus",423,Excellent,0.81,0.8,0.719,0.076,0.645,0.962,0.88,100,0.77,136,1,0.985,136,67.8,-66.815,72%
17K546,High School for Public Service: Heroes of Tomorrow,371,Fair,0.86,0.84,0.812,0.194,0.722,0.854,0.88,122,0.689,87,0.977,0.897,87,38.8,-37.903,73%
17K547,Brooklyn Academy of Science and the Environment,247,Good,0.94,0.9,0.812,0.178,0.725,0.91,0.84,65,0.523,77,0.948,0.883,77,46.4,-45.517,77%
17K548,Brooklyn School for Music & Theatre,201,Fair,0.76,0.92,0.827,0.194,0.781,0.865,0.87,41,0.659,46,0.913,0.891,46,39.2,-38.309,69%
17K590,Medgar Evers College Preparatory School,893,Excellent,,0.99,0.603,0.064,0.498,0.941,,198,0.904,191,0.995,0.99,191,74,-73.01,
17K600,Clara Barton High School,1324,Fair,0.68,0.84,0.841,0.169,0.766,0.904,0.84,273,0.612,276,0.938,0.822,276,43.7,-42.878,64%
17K745,Brooklyn Institute for Liberal Arts,482,Fair,0.79,0.87,0.822,0.176,0.718,0.86,0.85,132,0.621,143,0.93,0.867,143,33.4,-32.533,71%
17K751,Academy for Health Careers,160,Needs Improvement,0.8,0.75,0.855,0.181,0.781,0.753,0.72,46,0.696,51,0.804,0.745,51,37.4,-36.655,60%
18K563,It Takes a Village Academy,268,Fair,0.82,0.91,0.861,0.224,0.713,0.834,0.84,70,0.586,70,0.829,0.771,70,37.2,-36.429,70%
18K566,Brooklyn Community High School for Excellence and Equity,253,Fair,0.82,0.95,0.839,0.237,0.664,0.885,0.89,57,0.544,70,0.871,0.814,70,34.1,-33.286,80%
18K567,Brooklyn Theatre Arts High School,238,Fair,0.84,0.81,0.874,0.303,0.71,0.82,0.84,43,0.581,46,0.913,0.891,46,32.3,-31.409,74%
18K569,Kurt Hahn Expeditionary Learning School,181,Good,,,0.869,0.238,0.773,0.801,,42,0.476,44,0.955,0.909,44,39.1,-38.191,
18K576,Victory Collegiate High School,290,Fair,0.75,0.98,0.88,0.166,0.786,0.85,0.88,52,0.462,67,0.94,0.91,67,39.9,-38.99,77%
18K617,High School for Innovation in Advertising and Media,386,Good,,,0.821,0.135,0.767,0.85,,67,0.463,78,0.949,0.872,78,44.1,-43.228,
18K629,Cultural Academy for the Arts and Sciences,296,Good,0.96,0.84,0.813,0.145,0.73,0.858,0.91,49,0.327,76,0.961,0.947,76,47.9,-46.953,82%
18K633,High School for Medical Professions,382,Fair,0.75,0.82,0.813,0.168,0.704,0.876,0.81,99,0.758,97,0.948,0.876,97,41.3,-40.424,71%
18K637,Academy for Conservation and the Environment,433,Good,0.92,0.96,0.814,0.157,0.716,0.925,0.83,96,0.677,83,0.988,0.892,83,49.6,-48.708,75%
18K642,Urban Action Academy,185,Needs Improvement,0.93,0.75,0.893,0.368,0.697,0.806,0.82,34,0.412,28,0.857,0.607,28,29.5,-28.893,71%
19K404,Academy for Young Writers,283,Good,0.67,0.86,0.863,0.152,0.823,0.816,0.83,74,0.554,71,0.901,0.873,71,39.4,-38.527,70%
19K409,East New York Family Academy,364,Good,0.85,0.85,0.859,0.17,0.783,0.849,0.86,84,0.607,88,0.955,0.943,88,39.1,-38.157,68%
19K422,Spring Creek Community School,270,Fair,0.57,0.86,0.887,0.107,0.844,0.851,0.77,62,0.484,49,0.959,0.918,49,39.6,-38.682,64%
19K502,FDNY - Captain Vernon A. Richard High School for Fire and Life Safety,418,Fair,0.91,0.81,0.92,0.249,0.852,0.8,0.88,43,0.512,88,0.852,0.83,88,36,-35.17,75%
19K507,Performing Arts and Technology High School,411,Good,0.87,0.79,0.893,0.217,0.771,0.857,0.93,63,0.587,95,0.968,0.968,95,53,-52.032,81%
19K510,World Academy for Total Community Health High School,207,Needs Improvement,0.79,0.8,0.929,0.304,0.744,0.755,0.86,29,0.31,45,0.867,0.756,45,31.1,-30.344,70%
19K583,Multicultural High School,282,Good,0.83,0.86,,0.301,0.574,0.89,0.9,84,0.226,66,0.985,0.985,66,47.2,-46.215,82%
19K615,Transit Tech Career and Technical Education High School,787,Good,0.85,0.83,0.833,0.158,0.742,0.782,0.84,200,0.765,146,0.932,0.911,146,46.8,-45.889,71%
19K618,Academy of Innovative Technology,390,Good,0.68,0.88,0.821,0.108,0.726,0.894,0.91,95,0.568,83,0.952,0.94,83,61.2,-60.26,80%
19K639,Brooklyn Lab School,455,Good,0.8,0.79,0.889,0.156,0.796,0.848,0.91,70,0.6,89,0.989,0.978,89,51.2,-50.222,76%
19K659,Cypress Hills Collegiate Preparatory School,410,Good,0.81,0.85,0.871,0.207,0.737,0.879,0.88,106,0.472,102,0.99,0.971,102,51.7,-50.729,78%
19K660,W. H. Maxwell Career and Technical Education High School,555,Fair,,0.77,0.935,0.268,0.877,0.759,,80,0.475,115,0.878,0.861,115,40.9,-40.039,
19K683,School for Classics High School,356,Fair,0.61,0.84,,0.18,0.888,0.832,0.88,60,0.4,69,0.957,0.942,69,38.1,-37.158,76%
19K764,The Urban Assembly School for Collaborative Healthcare,375,Fair,0.88,0.82,0.856,0.112,0.749,0.843,0.88,75,0.64,80,0.95,0.925,80,47.4,-46.475,77%
19K953,The East New York Arts and Civics High School,136,Fair,0.86,0.77,0.935,0.184,0.882,0.789,0.85,31,0.516,34,0.941,0.824,34,30.9,-30.076,73%
19K965,Bard High School Early College Brooklyn,146,,0.84,0.86,0.581,0.055,0.445,0.945,0.85,,,1,,,1,,,78%
20K445,New Utrecht High School,3212,Fair,0.85,0.74,0.813,0.075,0.699,0.883,0.85,745,0.69,655,0.908,0.849,655,60.6,-59.751,73%
20K485,High School of Telecommunication Arts and Technology,1209,Good,0.81,0.81,0.804,0.058,0.744,0.915,0.84,322,0.814,279,0.957,0.935,279,60.1,-59.165,71%
20K490,Fort Hamilton High School,4066,Good,0.88,0.74,0.77,0.09,0.667,0.889,0.87,990,0.744,972,0.924,0.87,972,61.8,-60.93,78%
20K505,Franklin Delano Roosevelt High School,3412,Fair,0.76,0.73,0.884,0.091,0.767,0.869,0.85,805,0.598,776,0.867,0.746,776,51.1,-50.354,73%
20K609,Urban Assembly School for Leadership and Empowerment,327,Good,0.82,0.75,0.896,0.119,0.847,0.875,0.8,80,0.888,84,0.964,0.929,84,70,-69.071,69%
21K337,International High School at Lafayette,349,Good,0.84,0.78,,0.421,0.662,0.808,0.88,55,0.709,76,0.947,0.921,76,46.1,-45.179,80%
21K344,Rachel Carson High School for Coastal Studies,622,Good,0.88,0.76,0.857,0.08,0.789,0.876,0.85,132,0.667,166,0.946,0.898,166,49.7,-48.802,77%
21K348,High School of Sports Management,388,Fair,0.59,0.79,0.936,0.103,0.75,0.815,0.79,58,0.448,119,0.739,0.689,119,33.7,-33.011,67%
21K410,Abraham Lincoln High School,2228,Good,0.92,0.79,0.861,0.121,0.776,0.843,0.88,404,0.656,589,0.912,0.851,589,47.3,-46.449,78%
21K468,Kingsborough Early College School,426,Excellent,0.96,0.88,0.77,0.061,0.707,0.856,0.85,97,0.866,102,0.98,0.98,102,84,-83.02,74%
21K525,Edward R. Murrow High School,3490,Fair,0.86,0.82,0.666,0.08,0.582,0.877,0.86,933,0.75,870,0.903,0.795,870,58.5,-57.705,73%
21K540,John Dewey High School,2210,Fair,0.84,0.73,0.867,0.108,0.794,0.893,0.84,525,0.638,578,0.898,0.829,578,53.9,-53.071,73%
21K559,Life Academy High School for Film and Music,195,Good,1,0.94,0.909,0.185,0.718,0.797,0.91,52,0.577,63,0.762,0.746,63,40.9,-40.154,87%
21K572,Leaders High School,384,Excellent,0.89,0.86,0.851,0.07,0.792,0.856,0.89,88,0.761,100,0.87,0.85,100,50.1,-49.25,80%
21K620,William E. Grady Career and Technical Education High School,644,Fair,0.89,0.81,0.847,0.096,0.783,0.821,0.85,135,0.511,163,0.804,0.773,163,41.8,-41.027,73%
21K690,Brooklyn Studio Secondary School,515,Fair,0.74,0.84,0.84,0.122,0.757,0.904,0.8,144,0.583,147,0.966,0.932,147,56.3,-55.368,65%
22K405,Midwood High School,3642,Excellent,0.81,0.75,0.702,0.049,0.636,0.917,0.86,960,0.848,955,0.982,0.962,955,78.5,-77.538,77%
22K425,James Madison High School,4005,Good,0.88,0.78,0.693,0.089,0.6,0.886,0.88,898,0.757,841,0.919,0.874,841,61.8,-60.926,77%
22K535,Leon M. Goldstein High School for the Sciences,953,Excellent,,,0.558,0.034,0.467,0.892,,254,0.882,207,0.981,0.961,207,79.4,-78.439,
22K555,Brooklyn College Academy,635,Excellent,0.96,0.88,0.653,0.057,0.554,0.96,0.91,140,0.871,149,1,1,149,80.3,-79.3,79%
22K611,Origins High School,480,Fair,0.8,0.84,0.899,0.129,0.819,0.849,0.84,110,0.627,109,0.945,0.862,109,45.8,-44.938,68%
23K493,Brooklyn Collegiate: A College Board School,515,Fair,0.76,0.86,0.884,0.175,0.823,0.831,0.86,112,0.482,127,0.961,0.929,127,40.3,-39.371,74%
23K514,Frederick Douglass Academy VII High School,298,Good,0.88,0.85,0.925,0.255,0.832,0.839,0.86,28,0.607,60,0.933,0.9,60,34.3,-33.4,75%
23K644,Eagle Academy for Young Men II,431,Good,0.97,0.97,0.821,0.097,0.749,0.916,0.94,95,0.484,113,0.956,0.929,113,41.6,-40.671,85%
23K697,Teachers Preparatory High School,182,Fair,0.72,0.92,,0.33,0.896,0.802,0.9,37,0.324,43,0.814,0.698,43,28.3,-27.602,71%
24Q236,International High School for Health Sciences,295,Good,0.96,0.83,,0.502,0.525,0.897,0.94,34,0.706,76,0.882,0.829,76,42.1,-41.271,87%
24Q264,Academy of Finance and Enterprise,863,Good,0.82,0.84,0.778,0.075,0.713,0.895,0.87,226,0.845,205,0.902,0.849,205,62.7,-61.851,75%
24Q267,High School of Applied Communication,376,Fair,0.73,0.79,0.842,0.146,0.766,0.858,0.74,86,0.651,95,0.916,0.905,95,49.3,-48.395,72%
24Q293,Civic Leadership Academy,565,Good,0.89,0.9,0.885,0.168,0.804,0.895,0.91,122,0.672,148,0.966,0.919,148,52.7,-51.781,84%
24Q296,Pan American International High School,510,Excellent,0.98,0.96,,0.769,0.512,0.95,0.93,87,0.529,166,0.976,0.976,166,57.7,-56.724,88%
24Q299,Bard High School Early College Queens,652,Excellent,0.86,0.85,0.571,0.06,0.492,0.939,0.88,168,0.94,168,0.994,0.982,168,94.3,-93.318,75%
24Q455,Newtown High School,2088,Fair,0.92,0.81,0.892,0.192,0.662,0.873,0.9,462,0.504,562,0.899,0.799,561,48.3,-47.501,79%
24Q485,Grover Cleveland High School,1716,Fair,0.84,0.8,0.844,0.187,0.682,0.833,0.85,319,0.495,456,0.888,0.798,456,44.5,-43.702,74%
24Q520,Middle College High School at LaGuardia Community College,481,Excellent,0.89,0.86,0.775,0.071,0.711,0.927,0.93,112,0.875,91,0.967,0.945,91,75.7,-74.755,87%
24Q530,International High School at LaGuardia Community College,509,Excellent,0.71,0.97,0.854,0.426,0.523,0.904,0.99,120,0.892,120,0.933,0.9,120,55.2,-54.3,92%
24Q550,High School for Arts and Business,716,Excellent,0.92,0.79,0.835,0.13,0.767,0.892,0.89,171,0.766,180,0.978,0.972,180,66.8,-65.828,79%
24Q560,"Robert F. Wagner, Jr. Secondary School for Arts and Technology",446,Good,0.63,0.82,0.759,0.085,0.706,0.872,0.82,102,0.716,112,0.929,0.911,112,57.4,-56.489,74%
24Q585,Maspeth High School,1000,Excellent,0.89,0.78,0.734,0.073,0.66,0.9,0.84,260,0.735,223,0.978,0.946,223,71.3,-70.354,76%
24Q600,Queens Technical High School,1290,Fair,0.86,0.8,0.842,0.099,0.788,0.911,0.92,299,0.669,295,0.953,0.847,295,57.7,-56.853,80%
24Q610,Aviation Career & Technical Education High School,2080,Excellent,0.84,0.78,0.711,0.063,0.646,0.953,0.87,390,0.859,444,0.977,0.959,444,77,-76.041,78%
25Q240,Veritas Academy,653,Fair,0.87,0.85,0.82,0.135,0.672,0.862,0.84,140,0.679,172,0.924,0.86,172,54.5,-53.64,73%
25Q241,Queens High School for Language Studies,447,Excellent,0.86,0.81,0.819,0.092,0.709,0.911,0.94,102,0.735,107,1,0.935,107,76.1,-75.165,83%
25Q252,"Queens School of Inquiry, The",351,Excellent,0.79,0.87,0.609,0.066,0.544,0.898,0.91,83,0.904,85,0.988,0.988,85,77.3,-76.312,80%
25Q263,Flushing International High School,410,Excellent,0.95,0.83,,0.449,0.605,0.873,0.92,75,0.533,90,0.956,0.911,90,57.1,-56.189,87%
25Q281,East-West School of International Studies,379,Excellent,0.9,0.81,0.791,0.061,0.699,0.928,0.86,104,0.798,95,0.968,0.958,95,73.5,-72.542,74%
25Q285,World Journalism Preparatory: A College Board School,357,Good,0.87,0.82,0.498,0.045,0.417,0.881,0.8,91,0.747,85,0.988,0.965,85,58.9,-57.935,69%
25Q425,John Bowne High School,2782,Fair,0.84,,0.827,0.122,0.691,0.869,0.85,650,0.575,689,0.885,0.794,689,53.5,-52.706,73%
25Q460,Flushing High School,1634,Fair,0.63,0.76,0.908,0.193,0.722,0.855,0.83,352,0.599,441,0.873,0.787,441,43.9,-43.113,68%
25Q525,Townsend Harris High School,1342,Excellent,0.85,0.86,0.485,0.034,0.412,0.943,0.9,344,0.983,377,0.992,0.987,377,94,-93.013,80%
25Q670,Robert F. Kennedy Community High School,589,Good,0.77,0.84,0.732,0.095,0.645,0.872,0.83,127,0.677,130,0.931,0.846,130,58.9,-58.054,76%
26Q315,Business Technology Early College High School,599,Excellent,0.88,0.85,0.646,0.09,0.578,0.897,0.93,117,0.803,133,0.977,0.947,133,58.5,-57.553,81%
26Q415,Benjamin N. Cardozo High School,2882,Good,0.84,0.75,0.628,0.057,0.543,0.886,0.85,802,0.759,713,0.945,0.906,713,66.8,-65.894,71%
26Q430,Francis Lewis High School,4577,Good,0.84,0.79,0.668,0.069,0.557,0.917,0.83,1057,0.787,1104,0.954,0.901,1104,71.9,-70.999,73%
26Q435,Martin Van Buren High School,1140,Fair,0.71,0.84,0.738,0.094,0.619,0.902,0.82,257,0.65,286,0.892,0.825,286,48.3,-47.475,66%
26Q495,Bayside High School,2980,Excellent,0.79,0.77,0.646,0.075,0.556,0.922,0.8,725,0.81,821,0.987,0.972,821,79.1,-78.128,70%
26Q566,"Queens High School of Teaching, Liberal Arts and the Sciences",841,Good,0.67,0.83,0.623,0.065,0.561,0.867,0.8,189,0.762,210,0.981,0.919,210,51.4,-50.481,68%
27Q260,Frederick Douglass Academy VI High School,319,Fair,0.83,0.8,0.918,0.213,0.749,0.811,0.87,54,0.444,83,0.807,0.783,83,31.8,-31.017,76%
27Q262,Channel View School for Research,845,Good,0.73,0.85,0.791,0.096,0.712,0.854,0.84,188,0.755,203,0.956,0.926,203,53,-52.074,68%
27Q302,"Queens High School for Information, Research, and Technology",507,Excellent,0.87,0.79,0.884,0.085,0.813,0.845,0.91,123,0.642,129,0.899,0.884,129,51.1,-50.216,82%
27Q308,Robert H. Goddard High School of Communication Arts and Technology,610,Excellent,0.84,0.87,0.713,0.051,0.661,0.9,0.93,138,0.826,143,0.993,0.986,143,65.4,-64.414,82%
27Q309,Academy of Medical Technology: A College Board School,433,Fair,0.86,0.79,0.91,0.134,0.813,0.79,0.9,102,0.539,117,0.863,0.838,117,42.5,-41.662,74%
27Q314,Epic High School - South,436,Fair,0.63,,0.759,0.083,0.683,0.884,0.88,89,0.494,110,0.918,0.873,110,43,-42.127,77%
27Q323,Scholars' Academy,590,Excellent,0.85,0.9,0.475,0.02,0.397,0.928,0.87,152,0.908,137,1,1,137,89.5,-88.5,73%
27Q324,Rockaway Park High School for Environmental Sustainability,233,Fair,0.75,0.71,,0.202,0.794,0.77,0.83,60,0.367,67,0.791,0.776,67,32.4,-31.624,70%
27Q334,Epic High School - North,385,Good,,,0.818,0.073,0.719,0.866,,103,0.631,118,0.941,0.924,118,51.5,-50.576,
27Q351,Rockaway Collegiate High School,282,Fair,0.84,0.8,0.916,0.209,0.809,0.77,0.88,62,0.323,79,0.772,0.709,79,34,-33.291,73%
27Q400,August Martin High School,646,Good,0.74,0.83,0.784,0.193,0.676,0.838,0.8,122,0.451,142,0.923,0.901,142,49.4,-48.499,64%
27Q475,Richmond Hill High School,1843,Good,0.73,0.8,0.837,0.098,0.721,0.904,0.86,385,0.53,436,0.92,0.869,436,44.5,-43.631,73%
27Q480,John Adams High School,2428,Good,,0.82,0.8,0.124,0.682,0.861,,591,0.536,619,0.901,0.877,619,54.1,-53.223,
27Q650,"High School for Construction Trades, Engineering and Architecture",1076,Excellent,0.88,0.8,0.682,0.035,0.628,0.91,0.88,272,0.805,244,0.992,0.988,244,77.5,-76.512,76%
28Q157,J.H.S. 157 Stephen A. Halsey,7,,0.93,0.8,0.894,0,0.714,,0.87,,,,,,,,,74%
28Q167,Metropolitan Expeditionary Learning School,474,Good,0.93,0.85,0.668,0.049,0.593,0.885,0.77,101,0.782,110,0.991,0.982,110,61.3,-60.318,69%
28Q284,York Early College Academy,327,Excellent,0.91,0.84,0.554,0.04,0.492,0.907,0.9,86,0.849,75,1,1,75,84.6,-83.6,75%
28Q310,Queens Collegiate: A College Board School,455,Fair,0.65,0.87,0.779,0.121,0.648,0.885,0.83,100,0.68,105,0.914,0.895,105,50.7,-49.805,68%
28Q325,Hillside Arts & Letters Academy,405,Good,0.9,0.81,0.804,0.16,0.672,0.824,0.91,97,0.701,93,0.935,0.903,93,49,-48.097,83%
28Q328,High School for Community Leadership,492,Excellent,0.98,0.82,0.74,0.114,0.634,0.864,0.88,116,0.75,120,0.992,0.983,120,61.3,-60.317,82%
28Q350,Jamaica Gateway to the Sciences,525,Good,0.61,0.79,0.776,0.124,0.67,0.894,0.85,126,0.817,137,0.912,0.883,137,56.7,-55.817,71%
28Q440,Forest Hills High School,3415,Good,,,0.693,0.085,0.602,0.927,,892,0.756,835,0.952,0.904,835,61.2,-60.296,
28Q505,Hillcrest High School,2352,Good,0.89,0.77,0.832,0.222,0.685,0.873,0.88,600,0.615,609,0.9,0.849,609,49.4,-48.551,78%
28Q620,Thomas A. Edison Career and Technical Education High School,2138,Excellent,0.69,0.81,0.66,0.062,0.593,0.921,0.88,582,0.856,480,0.981,0.95,480,74.7,-73.75,77%
28Q680,Queens Gateway to Health Sciences Secondary School,409,Excellent,0.66,0.84,0.613,0.059,0.54,0.935,0.82,90,0.956,77,1,1,77,88.5,-87.5,67%
28Q686,Queens Metropolitan High School,1068,Good,0.77,0.83,0.581,0.071,0.473,0.908,0.92,219,0.689,240,0.954,0.921,240,66.8,-65.879,75%
28Q687,Queens High School for the Sciences at York College,494,Excellent,0.5,0.75,0.5,0.02,0.433,0.966,0.86,143,0.944,129,1,1,129,99.1,-98.1,72%
28Q690,High School for Law Enforcement and Public Safety,552,Fair,0.87,0.83,0.84,0.185,0.745,0.907,0.84,108,0.519,129,0.946,0.891,129,34.9,-34.009,74%
28Q896,"Young Women's Leadership School, Queens",283,Excellent,0.75,0.84,0.747,0.106,0.678,0.899,0.81,73,0.863,67,0.985,0.985,67,79.3,-78.315,60%
29Q243,Institute for Health Professions at Cambria Heights,462,Excellent,0.87,0.77,0.715,0.091,0.639,0.868,0.9,121,0.587,109,0.982,0.972,109,55,-54.028,79%
29Q248,Queens Preparatory Academy,326,Fair,0.62,,0.795,0.166,0.663,0.872,0.82,68,0.544,78,0.91,0.744,78,40.4,-39.656,69%
29Q259,Pathways College Preparatory School: A College Board School,461,Excellent,0.72,0.85,0.652,0.093,0.568,0.953,0.86,70,0.771,88,0.977,0.966,88,62.8,-61.834,66%
29Q265,Excelsior Preparatory High School,478,Good,0.94,0.83,0.773,0.146,0.661,0.903,0.84,113,0.575,145,0.945,0.917,145,49.6,-48.683,71%
29Q272,George Washington Carver High School for the Sciences,425,Fair,0.8,0.85,0.771,0.162,0.673,0.93,0.85,76,0.553,124,0.96,0.855,124,45.1,-44.245,67%
29Q283,Preparatory Academy for Writers: A College Board School,349,Good,0.8,0.87,0.72,0.169,0.61,0.912,0.82,81,0.679,83,0.976,0.892,83,58.2,-57.308,71%
29Q313,Benjamin Franklin High School for Finance & Information Technology,374,Good,0.81,0.87,0.747,0.136,0.639,0.856,0.86,77,0.545,82,0.927,0.89,82,50.2,-49.31,74%
29Q326,Cambria Heights Academy,356,Good,0.91,0.87,0.745,0.11,0.674,0.866,0.87,85,0.647,81,0.951,0.901,81,45.5,-44.599,78%
29Q327,Eagle Academy for Young Men III,326,Good,0.51,,0.697,0.12,0.635,0.983,0.86,47,0.596,57,0.982,0.912,57,48.7,-47.788,68%
29Q492,"Mathematics, Science Research and Technology Magnet High School",512,Good,0.91,0.83,0.732,0.123,0.627,0.857,0.92,75,0.507,130,0.915,0.862,130,48.3,-47.438,80%
29Q498,"Health, Arts, Robotics, and Technology High School",621,Good,,0.83,0.733,0.119,0.657,0.835,,109,0.706,166,0.904,0.855,166,49.5,-48.645,
30Q258,Energy Tech High School,490,Good,0.77,0.88,0.801,0.092,0.729,0.914,0.85,109,0.789,103,0.951,0.932,103,62.1,-61.168,75%
30Q286,"Young Women's Leadership School, Astoria",331,Excellent,,0.81,0.756,0.051,0.698,0.898,,72,0.903,70,0.971,0.943,70,70.5,-69.557,
30Q301,Academy for Careers in Television and Film,548,Excellent,0.86,0.9,0.731,0.089,0.662,0.91,0.84,136,0.779,124,0.992,0.976,124,71.4,-70.424,76%
30Q367,Motion Picture Technical High School,182,,0.85,0.9,0.783,0.104,0.709,0.902,0.84,,,,,,,,,76%
30Q417,Gotham Tech High School,271,,0.51,0.76,0.766,0.151,0.69,0.93,0.74,,,,,,,,,65%
30Q445,William Cullen Bryant High School,1979,Fair,0.69,,0.89,0.164,0.739,0.835,0.79,496,0.552,549,0.911,0.831,549,47.3,-46.469,67%
30Q450,Long Island City High School,1632,Fair,0.69,0.73,0.9,0.244,0.8,0.845,0.83,506,0.567,441,0.898,0.782,441,49.7,-48.918,64%
30Q501,Frank Sinatra School of the Arts High School,849,Excellent,0.83,0.87,0.357,0.025,0.269,0.91,0.86,202,0.832,215,1,1,215,81.2,-80.2,79%
30Q502,Information Technology High School,781,Good,0.82,0.82,0.866,0.123,0.81,0.905,0.87,216,0.644,195,0.918,0.877,195,56.1,-55.223,75%
30Q555,ATLAS,1161,Fair,0.8,0.76,,0.538,0.632,0.735,0.86,423,0.369,320,0.738,0.678,320,35.4,-34.722,74%
30Q575,Academy of American Studies,1213,Excellent,,,0.587,0.046,0.525,0.904,,381,0.84,354,0.96,0.932,354,72.4,-71.468,
30Q580,Baccalaureate School for Global Education,400,Excellent,0.73,0.85,0.5,0.028,0.44,0.948,0.8,95,0.958,88,1,0.989,88,83.6,-82.611,72%
31R028,The Eagle Academy for Young Men of Staten Island,97,Good,0.8,0.94,0.854,0.103,0.804,0.815,0.91,28,0.5,19,1,0.789,19,36.1,-35.311,73%
31R047,CSI High School for International Studies,521,Excellent,0.91,0.78,0.555,0.031,0.489,0.942,0.84,137,0.876,143,1,1,143,80.7,-79.7,78%
31R064,Gaynor McCown Expeditionary Learning School,537,Excellent,0.98,0.84,0.509,0.02,0.447,0.897,0.89,109,0.835,128,0.992,0.992,128,67.2,-66.208,86%
31R080,The Michael J. Petrides School,490,Good,0.92,0.89,0.625,0.041,0.567,0.892,0.86,116,0.733,130,0.954,0.938,130,61,-60.062,76%
31R440,New Dorp High School,3060,Fair,0.82,0.76,0.647,0.072,0.575,0.903,0.85,789,0.603,802,0.933,0.868,802,59.8,-58.932,75%
31R445,Port Richmond High School,1700,Fair,0.93,0.81,0.828,0.124,0.745,0.832,0.88,467,0.465,461,0.842,0.816,461,42.2,-41.384,80%
31R450,Curtis High School,2425,Good,0.88,0.78,0.81,0.128,0.723,0.824,0.87,507,0.785,556,0.845,0.793,556,50.5,-49.707,74%
31R455,Tottenville High School,3754,Good,0.92,0.77,0.452,0.034,0.388,0.918,0.86,1024,0.734,933,0.975,0.959,933,66.6,-65.641,79%
31R460,Susan E. Wagner High School,2740,Good,0.77,0.77,0.64,0.061,0.561,0.935,0.85,809,0.714,752,0.935,0.886,752,58.6,-57.714,75%
31R600,Ralph R. McKee Career and Technical Education High School,625,Good,,,0.815,0.086,0.762,0.845,,162,0.401,149,0.913,0.846,149,52.2,-51.354,
31R605,Staten Island Technical High School,1425,Excellent,0.85,0.72,0.462,0.023,0.385,0.963,0.92,351,0.883,357,0.997,0.997,357,98.2,-97.203,79%
32K168,The Brooklyn School for Math and Research,337,Good,0.86,0.86,0.891,0.199,0.724,0.895,0.84,89,0.742,75,0.973,0.973,75,59.6,-58.627,71%
32K403,Academy for Excellence in Leadership,277,Fair,0.62,0.83,0.944,0.336,0.718,0.828,0.85,68,0.456,85,0.894,0.871,85,38.1,-37.229,76%
32K545,EBC High School for Public Service - Bushwick,413,Fair,0.76,0.82,0.95,0.269,0.789,0.801,0.82,116,0.302,90,0.978,0.978,90,35.3,-34.322,70%
32K549,The Brooklyn School for Social Justice,268,Fair,0.64,0.8,0.937,0.317,0.757,0.834,0.87,75,0.32,74,0.919,0.905,74,37,-36.095,67%
32K552,The Academy of Urban Planning and Engineering,419,Good,0.92,0.86,0.874,0.212,0.74,0.9,0.86,105,0.838,99,0.97,0.97,99,55.7,-54.73,75%
32K554,All City Leadership Secondary School,238,Excellent,0.94,0.84,0.728,0.063,0.66,0.913,0.93,65,0.754,59,1,1,59,67.2,-66.2,83%
32K556,Bushwick Leaders High School for Academic Excellence,359,Fair,0.69,0.9,0.933,0.315,0.758,0.821,0.81,95,0.358,88,0.818,0.75,88,29.8,-29.05,72%
84K037,Beginning with Children Charter School II,277,,,0.94,0.877,0.112,0.791,0.948,,,,3,,,3,,,
84K356,Achievement First Crown Heights Charter School,688,Fair,,,0.811,0.089,0.744,0.914,,133,0.722,144,0.979,0.84,144,,,
84K358,Achievement First East New York Charter School,461,,,,0.804,0.08,0.731,0.919,,113,0.743,,,,,,,
84K367,Success Academy Charter School - Bed Stuy 1,219,,,,0.621,0.068,0.525,,,1,,,,,,,,
84K406,"EMBER Charter School for Mindful Education, Innovation and Transformation",85,Fair,0.91,0.92,0.908,0.2,0.859,0.725,0.9,15,0.467,38,0.789,0.553,38,,,79%
84K473,Williamsburg Charter High School,662,Fair,0.84,0.78,0.876,0.142,0.795,0.769,0.83,204,0.51,215,0.921,0.837,215,,,74%
84K517,Uncommon Bed-Stuy West Charter School NYC,504,Good,,,0.799,0.099,0.7,0.864,,107,0.794,119,0.966,0.874,119,,,
84K593,Uncommon Excellence Boys Charter School NYC,6,,,,0.896,0.167,0.833,,,,,,,,,,,
84K608,Uncommon Kings Charter School NYC,522,Fair,,,0.854,0.13,0.776,0.89,,105,0.714,129,1,0.899,129,,,
84K626,Achievement First Brownsville Charter School,29,,,,0.546,0.103,0.448,,,77,0.818,,,,,,,
84K652,Brooklyn Ascend Charter School,261,Needs Improvement,,,0.838,0.123,0.747,0.933,,86,0.616,48,0.979,0.771,48,,,
84K680,Achievement First Aspire Charter School,371,Fair,,,0.86,0.135,0.765,0.888,,,,59,0.966,0.966,59,,,
84K693,Northside Charter High School,443,Needs Improvement,0.46,0.64,0.862,0.135,0.783,0.794,0.79,113,0.469,120,0.85,0.725,120,,,61%
84K712,Uncommon Excellence Girls Charter School NYC,492,Fair,,,0.797,0.1,0.717,0.907,,124,0.734,107,0.879,0.682,107,,,
84K730,Summit Academy Charter School,187,Good,0.76,0.93,0.932,0.326,0.85,0.992,0.86,38,0.579,46,0.957,0.674,46,,,74%
84K733,"Math, Engineering, and Science Academy Charter High School",513,Good,,,0.895,0.195,0.774,0.896,,125,0.672,122,0.967,0.91,122,,,
84K738,United Charter High School for Advanced Math and Science lll,283,Excellent,0.79,0.89,0.823,0.138,0.735,0.906,0.89,95,0.832,81,1,1,81,,,73%
84K744,Coney Island Preparatory Public Charter School,377,Good,0.83,0.88,0.844,0.045,0.782,0.866,0.8,71,0.831,83,0.976,0.904,83,,,71%
84K757,Unity Preparatory Charter School of Brooklyn,265,Good,,,0.85,0.143,0.77,,,75,0.84,62,0.984,0.968,62,,,
84K775,Uncommon Brownsville North Charter School NYC,561,Fair,,,0.7,0.093,0.613,0.899,,108,0.815,91,0.978,0.879,91,,,
84K782,Bedford Stuyvesant New Beginnings Charter School,77,,,,,0.286,0.831,0.867,,,,,,,,,,
84K803,Brooklyn Laboratory Charter School,601,Needs Improvement,0.83,,0.829,0.178,0.772,0.727,0.8,113,0.478,117,0.855,0.795,117,,,67%
84K892,Brooklyn Emerging Leaders Academy Charter School,218,Good,,,0.76,0.142,0.674,0.87,,59,0.763,60,0.967,0.917,60,,,
84K928,Brooklyn Prospect Charter School - CSD 15.2,729,Good,,,0.432,0.049,0.346,0.975,,146,0.726,109,1,0.972,109,,,
84M202,Great Oaks Kathleen Sherry Charter School,196,Fair,0.84,0.92,0.843,0.179,0.755,0.832,0.89,1,,54,0.944,0.87,54,,,80%
84M204,Capital Preparatory Harlem Charter School,142,Fair,0.73,0.8,0.921,0.106,0.866,0.831,0.61,35,0.571,27,0.852,0.815,27,,,50%
84M279,Opportunity Charter School,230,Fair,,,0.948,0.126,0.913,0.995,,44,0.455,56,0.964,0.911,56,,,
84M284,Harlem Children's Zone Promise Academy Charter School,256,Excellent,0.67,0.87,0.867,0.164,0.77,0.926,0.86,53,0.943,59,1,0.983,59,,,76%
84M295,School in the Square Public Charter School,112,,0.71,0.91,0.858,0.152,0.777,0.916,0.79,,,,,,,,,65%
84M341,Harlem Children's Zone Promise Academy II Charter School,213,Good,0.69,0.88,0.867,0.113,0.793,0.907,0.87,52,0.846,44,0.977,0.932,44,,,70%
84M350,Democracy Preparatory Charter School,426,Fair,,0.89,0.87,0.134,0.777,0.799,,82,0.646,99,0.929,0.869,99,,,
84M351,Success Academy Charter School - Harlem 1,884,Good,,,0.643,0.066,0.555,,,252,0.575,71,1,0.93,71,,,
84M353,New Heights Academy Charter School,420,Good,0.85,0.9,0.933,0.138,0.86,0.897,0.84,89,0.775,96,0.958,0.906,96,,,73%
84M389,KIPP Beyond Charter School,254,,0.96,0.89,0.854,0.094,0.791,0.933,0.85,,,,,,,,,75%
84M433,Innovation Charter High School,401,Needs Improvement,0.63,0.82,0.924,0.2,0.863,0.765,0.84,101,0.515,98,0.908,0.837,98,,,67%
84M478,Inwood Academy for Leadership Charter School,527,Fair,0.77,0.91,0.896,0.161,0.827,0.913,0.85,117,0.726,123,0.976,0.87,123,,,70%
84M481,Democracy Preparatory Harlem Charter School,369,Fair,0.69,0.86,0.871,0.122,0.808,0.819,0.8,64,0.688,74,0.865,0.703,74,,,64%
84M518,East Harlem Scholars Academy Charter School,406,Needs Improvement,,,0.937,0.17,0.874,0.778,,102,0.382,63,0.937,0.714,63,,,
84M522,Broome Street Academy Charter High School,262,Needs Improvement,,0.87,0.923,0.229,0.859,0.721,,101,0.297,94,0.883,0.67,94,,,
84M708,Harlem Prep Charter School,408,Fair,,,0.925,0.152,0.858,0.713,,95,0.547,100,0.86,0.73,100,,,
84M709,Harlem Village Academy North Charter School,205,Good,,,0.832,0.102,0.746,0.886,,34,0.794,51,1,0.961,51,,,
84Q320,United Charter High School for Advanced Math and Science lV,361,Good,0.69,0.87,0.666,0.066,0.607,0.896,0.84,106,0.642,100,0.99,0.98,100,,,66%
84Q340,Challenge Preparatory Charter School,302,Fair,0.79,0.88,0.827,0.116,0.745,0.853,0.82,46,0.609,58,0.983,0.931,58,,,68%
84Q373,United Charter High School for the Humanities lV,187,Good,0.87,0.86,0.909,0.144,0.872,0.85,0.91,50,0.64,58,0.931,0.914,58,,,77%
84Q380,Forte Preparatory Academy Charter School,202,,0.65,0.89,0.829,0.134,0.698,,0.86,,,,,,,,,71%
84Q414,Renaissance Charter School 2,173,,0.81,0.92,0.823,0.26,0.642,0.991,0.84,,,,,,,,,72%
84Q705,Renaissance Charter School,269,Good,0.84,0.88,0.722,0.082,0.658,0.906,0.84,53,0.887,59,0.983,0.847,59,,,71%
84R067,John W. Lavelle Preparatory Charter School,165,Good,0.81,0.88,0.768,0.061,0.709,0.869,0.74,39,0.718,51,0.961,0.922,51,,,68%
84R070,Lois and Richard Nicotra Early College Charter School,192,Good,,,0.758,0.083,0.682,0.883,,37,0.622,48,0.979,0.958,48,,,
84R083,Richmond Preparatory Charter School,58,,,0.66,0.703,0.086,0.655,0.898,,,,,,,,,,
84X185,Pharos Academy Charter School,231,Excellent,0.84,0.91,0.9,0.126,0.831,0.924,0.82,50,0.72,57,1,0.947,57,,,73%
84X202,United Charter High School for Advanced Math and Science ll,488,Excellent,0.84,0.88,0.901,0.113,0.842,0.909,0.88,112,0.759,114,0.991,0.982,114,,,76%
84X208,United Charter High School for the Humanities II,248,Good,0.77,0.9,0.931,0.21,0.871,0.787,0.82,105,0.629,83,0.964,0.88,83,,,73%
84X309,South Bronx Charter School for International Cultures and the Arts,96,,,0.91,0.895,0.219,0.74,0.871,,,,1,,,1,,,
84X345,Leaders In Our Neighborhood Charter School,296,Good,0.76,0.93,0.902,0.149,0.841,0.885,0.87,75,0.68,69,0.986,0.942,69,,,74%
84X347,International Leadership Charter High School,319,Good,,,0.889,0.179,0.809,0.914,,59,0.746,61,1,0.934,61,,,
84X380,Success Academy Charter School - Bronx 3,441,Fair,,,0.791,0.077,0.698,,,9,,91,0.967,0.912,91,,,
84X387,Brilla College Preparatory Charter School,92,,,,0.925,0.163,0.88,0.909,,,,2,,,2,,,
84X393,University Prep Charter High School,446,Excellent,0.79,0.63,0.868,0.099,0.796,0.924,0.93,82,0.866,84,1,0.988,84,,,83%
84X395,"NYC Charter High School for Architecture, Engineering and Construction Industries",454,Good,0.88,1,0.903,0.159,0.844,0.87,0.92,98,0.714,109,0.991,0.954,109,,,82%
84X429,Charter High School for Law and Social Justice,473,Fair,0.94,0.91,,0.195,0.879,0.802,0.92,95,0.621,116,0.957,0.845,116,,,84%
84X460,Atmosphere Academy Public Charter School,772,Good,0.79,0.93,0.847,0.141,0.762,0.894,0.85,2,,70,0.929,0.9,70,,,70%
84X461,Nuasin Next Generation Charter School,280,Fair,0.76,0.88,0.943,0.154,0.882,0.843,0.86,50,0.52,47,0.979,0.915,47,,,75%
84X465,Boys Preparatory Charter School of New York,59,,,,0.927,0.085,0.898,,,,,,,,,,,
84X471,American Dream Charter School,341,Excellent,0.85,0.91,,0.202,0.865,0.885,0.83,73,0.863,63,0.984,0.952,63,,,79%
84X482,Dr. Richard Izquierdo Health and Science Charter School,426,Good,0.84,0.87,,0.122,0.89,0.83,0.82,101,0.812,103,0.932,0.883,103,,,67%
84X487,Girls Preparatory Charter School of the Bronx,74,,,,0.894,0.162,0.851,,,,,,,,,,,
84X488,The Equality Charter School,387,Fair,0.88,0.92,0.761,0.054,0.682,0.901,0.86,97,0.546,98,0.929,0.847,98,,,74%
84X539,United Charter High School for Advanced Math and Science,415,Good,0.8,0.81,0.887,0.106,0.827,0.872,0.88,121,0.711,110,0.964,0.945,110,,,72%
84X553,United Charter High School for the Humanities,333,Good,0.77,0.96,0.918,0.153,0.865,0.867,0.87,123,0.724,97,0.99,0.979,97,,,75%
84X581,South Bronx Community Charter High School,353,Needs Improvement,0.71,0.86,0.924,0.19,0.864,0.678,0.91,84,0.56,93,0.817,0.656,93,,,69%
84X585,Legacy College Preparatory Charter School,525,Fair,0.86,0.87,0.932,0.16,0.863,0.866,0.85,117,0.684,104,0.981,0.856,104,,,70%
84X597,Urban Assembly Charter School for Computer Science,494,Good,0.91,0.92,0.896,0.119,0.826,0.906,0.96,99,0.727,110,0.973,0.918,110,,,84%
84X611,AECI II: NYC Charter High School for Computer Engineering and Innovation,447,Good,0.83,0.83,0.938,0.157,0.879,0.883,0.89,84,0.69,110,0.973,0.955,110,,,76%
84X614,Dream Charter School Mott Haven,499,Excellent,,0.9,0.9,0.138,0.852,0.863,,93,0.785,83,0.988,0.976,83,,,
84X617,KIPP Bronx Charter School III,1466,Good,,,0.881,0.117,0.812,0.906,,,,286,0.99,0.948,286,,,
84X627,Capital Preparatory Bronx Charter School,206,,0.78,0.82,0.684,0.083,0.597,0.939,0.69,,,4,,,4,,,59%
84X635,Earl Monroe New Renaissance Basketball Charter School,363,Fair,,0.93,0.798,0.085,0.727,0.768,,1,,89,0.978,0.944,89,,,
84X640,Family Life Academy Charter Schools High School,425,,,,0.939,0.181,0.878,0.869,,,,2,,,2,,,
84X648,Girls Preparatory Charter School of New York,83,,,,0.92,0.145,0.807,,,,,,,,,,,
84X649,Democracy Preparatory Endurance Charter School,385,,0.77,,0.882,0.153,0.79,0.826,0.78,75,0.653,76,0.947,0.789,76,,,69%
84X703,Bronx Preparatory Charter School,505,Fair,,,0.912,0.097,0.851,0.847,,90,0.722,91,0.901,0.846,91,,,
84X704,KIPP Academy Charter School,278,Excellent,,,0.853,0.104,0.766,0.934,,55,0.673,62,0.919,0.855,62,,,